userid,age_band,gender
507734,20~24,F
280456,20~24,F
401841,20~24,F
708361,20~24,F
354070,20~24,F
832796,20~24,F
514972,20~24,F
191515,20~24,F
787667,20~24,F
500786,20~24,F
143232,20~24,F
520163,20~24,F
638354,20~24,F
442878,20~24,F
621174,20~24,F
307243,20~24,F
898591,20~24,F
212121,20~24,F
536619,20~24,F
913534,20~24,F
540098,20~24,F
387719,20~24,F
592623,20~24,F
222109,20~24,F
349414,20~24,F
621208,20~24,F
770020,20~24,F
525594,20~24,F
978803,20~24,F
241438,20~24,F
343086,20~24,F
679712,20~24,F
725248,20~24,F
793779,20~24,F
330329,20~24,F
156748,20~24,F
218628,20~24,F
424576,20~24,F
787040,20~24,F
587768,20~24,F
841711,20~24,F
474377,20~24,F
375093,20~24,F
533131,20~24,F
957887,20~24,F
346145,20~24,F
749339,20~24,F
652622,20~24,F
778094,25~29,F
736578,25~29,F
265582,25~29,F
924622,25~29,F
654800,25~29,F
806501,25~29,F
317351,25~29,F
829868,25~29,F
887451,25~29,F
293971,25~29,F
103343,25~29,F
527628,25~29,F
332084,25~29,F
751931,25~29,F
931722,25~29,F
599522,25~29,F
567951,25~29,F
715738,25~29,F
417314,25~29,F
136430,25~29,F
101187,25~29,F
112015,25~29,F
389828,25~29,F
571258,25~29,F
181460,25~29,F
891565,25~29,F
671872,25~29,F
751805,25~29,F
396686,25~29,F
529662,25~29,F
944349,25~29,F
833812,25~29,F
839818,25~29,F
709753,25~29,F
127501,25~29,F
583281,25~29,F
980702,30~34,F
413188,30~34,F
631489,30~34,F
647484,35~39,F
805894,35~39,F
556463,40~44,F
356564,20~24,F
566257,20~24,F
742106,20~24,F
691233,20~24,F
315056,20~24,F
213216,20~24,F
705349,20~24,F
226494,20~24,F
152520,20~24,F
278586,20~24,F
482879,20~24,F
940712,20~24,F
219365,20~24,F
188598,20~24,F
726485,20~24,F
127028,20~24,F
336159,20~24,F
830520,20~24,F
961590,20~24,F
297820,20~24,F
556942,20~24,F
672855,20~24,F
685195,20~24,F
564714,20~24,F
449594,20~24,F
813450,20~24,F
391339,20~24,F
241381,20~24,F
216727,20~24,F
647481,20~24,F
516066,20~24,F
996042,20~24,F
634907,20~24,F
332853,20~24,F
674691,20~24,F
271888,20~24,F
114216,20~24,F
384214,20~24,F
431388,20~24,F
223342,20~24,F
590860,20~24,F
273885,20~24,F
708991,20~24,F
619845,20~24,F
963691,20~24,F
770440,20~24,F
388330,20~24,F
413692,20~24,F
458336,25~29,F
744624,25~29,F
640354,25~29,F
507415,25~29,F
660434,25~29,F
306687,25~29,F
576588,25~29,F
925878,25~29,F
267870,25~29,F
875728,25~29,F
988977,25~29,F
972005,25~29,F
466510,25~29,F
126642,25~29,F
596119,25~29,F
912185,25~29,F
218103,25~29,F
168549,25~29,F
795991,25~29,F
434686,25~29,F
589777,25~29,F
771243,25~29,F
651523,25~29,F
276459,25~29,F
283169,25~29,F
547301,25~29,F
207975,25~29,F
987326,25~29,F
790161,25~29,F
545652,25~29,F
328305,25~29,F
718469,25~29,F
465013,25~29,F
776680,25~29,F
945868,25~29,F
638001,25~29,F
476147,30~34,F
644331,30~34,F
271098,30~34,F
840949,35~39,F
551254,35~39,F
952508,40~44,F
388124,20~24,F
153561,20~24,F
855202,20~24,F
298403,20~24,F
754481,20~24,F
931088,20~24,F
635742,20~24,F
636752,20~24,F
684595,20~24,F
923708,20~24,F
145782,20~24,F
300572,20~24,F
647567,20~24,F
778240,20~24,F
912053,20~24,F
403916,20~24,F
891084,20~24,F
169261,20~24,F
162807,20~24,F
669380,20~24,F
395775,20~24,F
434902,20~24,F
625383,20~24,F
792811,20~24,F
900344,20~24,F
389812,20~24,F
584375,20~24,F
676466,20~24,F
251468,20~24,F
679591,20~24,F
680638,20~24,F
859039,20~24,F
410328,20~24,F
564142,20~24,F
989238,20~24,F
317016,20~24,F
147239,20~24,F
523949,20~24,F
851232,20~24,F
741330,20~24,F
350656,20~24,F
506315,20~24,F
818509,20~24,F
384372,20~24,F
448740,20~24,F
362566,20~24,F
160679,20~24,F
286146,20~24,F
550440,25~29,F
166841,25~29,F
196317,25~29,F
430725,25~29,F
920192,25~29,F
429398,25~29,F
809456,25~29,F
209521,25~29,F
804073,25~29,F
277800,25~29,F
397010,25~29,F
951460,25~29,F
827246,25~29,F
416255,25~29,F
253932,25~29,F
135570,25~29,F
827439,25~29,F
871083,25~29,F
712908,25~29,F
412972,25~29,F
915470,25~29,F
712624,25~29,F
542346,25~29,F
420697,25~29,F
287935,25~29,F
391392,25~29,F
648617,25~29,F
581303,25~29,F
494098,25~29,F
381805,25~29,F
916238,25~29,F
593850,25~29,F
536968,25~29,F
917779,25~29,F
628541,25~29,F
879375,25~29,F
831657,30~34,F
652703,30~34,F
188292,30~34,F
537892,35~39,F
315032,35~39,F
668410,40~44,F
379629,20~24,F
841393,20~24,F
386013,20~24,F
769321,20~24,F
322556,20~24,F
879435,20~24,F
395430,20~24,F
725347,20~24,F
325254,20~24,F
343228,20~24,F
850889,20~24,F
418566,20~24,F
937542,20~24,F
725858,20~24,F
281625,20~24,F
676692,20~24,F
591524,20~24,F
290012,20~24,F
277045,20~24,F
427939,20~24,F
425768,20~24,F
630433,20~24,F
462222,20~24,F
208898,20~24,F
327712,20~24,F
285785,20~24,F
342324,20~24,F
151446,20~24,F
408158,20~24,F
495395,20~24,F
710107,20~24,F
552755,20~24,F
251843,20~24,F
398643,20~24,F
432960,20~24,F
509050,20~24,F
229016,20~24,F
320348,20~24,F
634314,20~24,F
557773,20~24,F
222547,20~24,F
247228,20~24,F
917959,20~24,F
935254,20~24,F
884215,20~24,F
851456,20~24,F
735449,20~24,F
610692,20~24,F
900397,25~29,F
927170,25~29,F
954471,25~29,F
996778,25~29,F
297387,25~29,F
618981,25~29,F
100332,25~29,F
159364,25~29,F
487360,25~29,F
816443,25~29,F
760924,25~29,F
237564,25~29,F
190842,25~29,F
348082,25~29,F
508999,25~29,F
562546,25~29,F
847012,25~29,F
126750,25~29,F
724218,25~29,F
648836,25~29,F
571718,25~29,F
674707,25~29,F
113381,25~29,F
951453,25~29,F
939540,25~29,F
880278,25~29,F
123318,25~29,F
269764,25~29,F
946276,25~29,F
349200,25~29,F
998207,25~29,F
354623,25~29,F
827817,25~29,F
303551,25~29,F
756179,25~29,F
818167,25~29,F
137356,30~34,F
344959,30~34,F
960828,30~34,F
267493,35~39,F
632278,35~39,F
816693,40~44,F
874428,20~24,F
523442,20~24,F
278315,20~24,F
761812,20~24,F
756559,20~24,F
551448,20~24,F
755902,20~24,F
904692,20~24,F
712011,20~24,F
762836,20~24,F
493846,20~24,F
271617,20~24,F
591358,20~24,F
787649,20~24,F
948743,20~24,F
651555,20~24,F
612460,20~24,F
630106,20~24,F
191389,20~24,F
762669,20~24,F
728033,20~24,F
837685,20~24,F
684187,20~24,F
977353,20~24,F
733772,20~24,F
577835,20~24,F
106557,20~24,F
541659,20~24,F
614663,20~24,F
770275,20~24,F
277351,20~24,F
394568,20~24,F
880409,20~24,F
885348,20~24,F
798919,20~24,F
664144,20~24,F
399177,20~24,F
353693,20~24,F
658307,20~24,F
468613,20~24,F
174383,20~24,F
288181,20~24,F
498052,20~24,F
780008,20~24,F
339666,20~24,F
221824,20~24,F
817060,20~24,F
376579,20~24,F
255874,25~29,F
611824,25~29,F
480362,25~29,F
710985,25~29,F
973548,25~29,F
166662,25~29,F
790468,25~29,F
637440,25~29,F
326070,25~29,F
797405,25~29,F
743472,25~29,F
412842,25~29,F
386011,25~29,F
993272,25~29,F
164587,25~29,F
863427,25~29,F
862654,25~29,F
261738,25~29,F
433873,25~29,F
967166,25~29,F
795560,25~29,F
431122,25~29,F
866346,25~29,F
203631,25~29,F
747481,25~29,F
676016,25~29,F
308363,25~29,F
700669,25~29,F
544552,25~29,F
753041,25~29,F
701881,25~29,F
364592,25~29,F
588672,25~29,F
414452,25~29,F
558034,25~29,F
965071,25~29,F
896871,30~34,F
338158,30~34,F
947773,30~34,F
463210,35~39,F
505534,35~39,F
804921,40~44,F
127149,20~24,F
300690,20~24,F
632701,20~24,F
118602,20~24,F
845966,20~24,F
355163,20~24,F
558004,20~24,F
317227,20~24,F
144558,20~24,F
237661,20~24,F
736767,20~24,F
801884,20~24,F
161353,20~24,F
857034,20~24,F
228915,20~24,F
764522,20~24,F
342681,20~24,F
530983,20~24,F
674954,20~24,F
923451,20~24,F
677845,20~24,F
161505,20~24,F
478663,20~24,F
398942,20~24,F
581761,20~24,F
361172,20~24,F
896306,20~24,F
967286,20~24,F
612166,20~24,F
153363,20~24,F
874388,20~24,F
302804,20~24,F
616701,20~24,F
170166,20~24,F
917161,20~24,F
613564,20~24,F
595902,20~24,F
482524,20~24,F
938648,20~24,F
717303,20~24,F
259958,20~24,F
566113,20~24,F
346421,20~24,F
894594,20~24,F
632663,20~24,F
586110,20~24,F
762493,20~24,F
867165,20~24,F
126057,25~29,F
586732,25~29,F
577210,25~29,F
948335,25~29,F
781594,25~29,F
577426,25~29,F
841236,25~29,F
842039,25~29,F
806075,25~29,F
689749,25~29,F
848014,25~29,F
846028,25~29,F
147476,25~29,F
845627,25~29,F
113274,25~29,F
960587,25~29,F
512582,25~29,F
855125,25~29,F
371485,25~29,F
428149,25~29,F
416097,25~29,F
481975,25~29,F
961606,25~29,F
133266,25~29,F
416318,25~29,F
159283,25~29,F
778392,25~29,F
868659,25~29,F
265862,25~29,F
779988,25~29,F
438865,25~29,F
822213,25~29,F
903988,25~29,F
915068,25~29,F
788664,25~29,F
502430,25~29,F
315271,30~34,F
569383,30~34,F
247222,30~34,F
983873,35~39,F
478698,35~39,F
483849,40~44,F
985457,20~24,F
556701,20~24,F
412659,20~24,F
334355,20~24,F
438952,20~24,F
599901,20~24,F
382311,20~24,F
456054,20~24,F
412559,20~24,F
685316,20~24,F
710880,20~24,F
861322,20~24,F
385070,20~24,F
213230,20~24,F
843384,20~24,F
549639,20~24,F
937580,20~24,F
747028,20~24,F
341036,20~24,F
573121,20~24,F
495039,20~24,F
445733,20~24,F
142471,20~24,F
180419,20~24,F
712720,20~24,F
301209,20~24,F
956174,20~24,F
529122,20~24,F
981763,20~24,F
342202,20~24,F
884299,20~24,F
150293,20~24,F
152884,20~24,F
665896,20~24,F
683058,20~24,F
824372,20~24,F
113656,20~24,F
475654,20~24,F
973033,20~24,F
725104,20~24,F
439820,20~24,F
643451,20~24,F
870731,20~24,F
749516,20~24,F
596556,20~24,F
692501,20~24,F
969233,20~24,F
272946,20~24,F
599112,25~29,F
173124,25~29,F
304835,25~29,F
272274,25~29,F
302796,25~29,F
312147,25~29,F
401479,25~29,F
526792,25~29,F
741204,25~29,F
830292,25~29,F
821678,25~29,F
439254,25~29,F
662215,25~29,F
881993,25~29,F
340040,25~29,F
620858,25~29,F
616849,25~29,F
849785,25~29,F
602257,25~29,F
887474,25~29,F
106636,25~29,F
134170,25~29,F
550040,25~29,F
921760,25~29,F
867347,25~29,F
533273,25~29,F
976010,25~29,F
831777,25~29,F
493056,25~29,F
192660,25~29,F
932353,25~29,F
207935,25~29,F
726787,25~29,F
102400,25~29,F
251759,25~29,F
672881,25~29,F
312402,30~34,F
185172,30~34,F
309486,30~34,F
643476,35~39,F
104593,35~39,F
490452,40~44,F
143434,20~24,F
995288,20~24,F
720836,20~24,F
681984,20~24,F
253985,20~24,F
731927,20~24,F
470205,20~24,F
758784,20~24,F
533165,20~24,F
228116,20~24,F
753775,20~24,F
803579,20~24,F
299996,20~24,F
829499,20~24,F
629734,20~24,F
400944,20~24,F
738512,20~24,F
122742,20~24,F
632276,20~24,F
910706,20~24,F
904599,20~24,F
156574,20~24,F
281713,20~24,F
815441,20~24,F
293842,20~24,F
488301,20~24,F
972781,20~24,F
325587,20~24,F
884109,20~24,F
667103,20~24,F
234944,20~24,F
192771,20~24,F
258337,20~24,F
562340,20~24,F
854160,20~24,F
997455,20~24,F
974962,20~24,F
310949,20~24,F
120128,20~24,F
352519,20~24,F
514140,20~24,F
675961,20~24,F
218270,20~24,F
118414,20~24,F
669536,20~24,F
285779,20~24,F
835174,20~24,F
785661,20~24,F
372387,25~29,F
746510,25~29,F
358581,25~29,F
967399,25~29,F
481731,25~29,F
561734,25~29,F
175524,25~29,F
172804,25~29,F
609813,25~29,F
527597,25~29,F
599222,25~29,F
581863,25~29,F
952446,25~29,F
289990,25~29,F
496560,25~29,F
698730,25~29,F
509658,25~29,F
279618,25~29,F
921558,25~29,F
499901,25~29,F
617704,25~29,F
797436,25~29,F
800064,25~29,F
442066,25~29,F
123447,25~29,F
625200,25~29,F
167404,25~29,F
292870,25~29,F
602922,25~29,F
246768,25~29,F
832508,25~29,F
913911,25~29,F
108413,25~29,F
336199,25~29,F
429603,25~29,F
383066,25~29,F
369374,30~34,F
977827,30~34,F
202384,30~34,F
274958,35~39,F
357943,35~39,F
959153,40~44,F
922024,20~24,F
227639,20~24,F
282532,20~24,F
436581,20~24,F
795882,20~24,F
244162,20~24,F
913344,20~24,F
307377,20~24,F
788553,20~24,F
547202,20~24,F
764573,20~24,F
377196,20~24,F
331256,20~24,F
778342,20~24,F
765057,20~24,F
999677,20~24,F
347633,20~24,F
700470,20~24,F
947358,20~24,F
737712,20~24,F
169209,20~24,F
444410,20~24,F
185288,20~24,F
649001,20~24,F
575634,20~24,F
209830,20~24,F
809826,20~24,F
105309,20~24,F
443772,20~24,F
187036,20~24,F
275437,20~24,F
685454,20~24,F
544783,20~24,F
738524,20~24,F
122773,20~24,F
691551,20~24,F
380082,20~24,F
360408,20~24,F
334838,20~24,F
865989,20~24,F
849878,20~24,F
876272,20~24,F
852530,20~24,F
909841,20~24,F
241994,20~24,F
351024,20~24,F
216303,20~24,F
105747,20~24,F
890154,25~29,F
391979,25~29,F
821514,25~29,F
370140,25~29,F
520626,25~29,F
724080,25~29,F
269003,25~29,F
594880,25~29,F
862690,25~29,F
798935,25~29,F
498068,25~29,F
838177,25~29,F
159530,25~29,F
433513,25~29,F
505701,25~29,F
512652,25~29,F
946533,25~29,F
323792,25~29,F
948261,25~29,F
212701,25~29,F
292649,25~29,F
545876,25~29,F
960689,25~29,F
181782,25~29,F
626119,25~29,F
267623,25~29,F
244725,25~29,F
918099,25~29,F
414029,25~29,F
590902,25~29,F
497035,25~29,F
576043,25~29,F
210332,25~29,F
102260,25~29,F
288513,25~29,F
591742,25~29,F
871127,30~34,F
338094,30~34,F
314906,30~34,F
380357,35~39,F
797356,35~39,F
320576,40~44,F
747941,20~24,F
551312,20~24,F
315766,20~24,F
413554,20~24,F
349063,20~24,F
543117,20~24,F
536728,20~24,F
316979,20~24,F
700023,20~24,F
967312,20~24,F
162504,20~24,F
509112,20~24,F
390022,20~24,F
430036,20~24,F
352299,20~24,F
382382,20~24,F
373270,20~24,F
220780,20~24,F
210212,20~24,F
316202,20~24,F
723557,20~24,F
855056,20~24,F
768987,20~24,F
137741,20~24,F
223792,20~24,F
332789,20~24,F
326774,20~24,F
756827,20~24,F
298662,20~24,F
493936,20~24,F
981713,20~24,F
194537,20~24,F
520963,20~24,F
617164,20~24,F
180902,20~24,F
745163,20~24,F
337889,20~24,F
239328,20~24,F
665893,20~24,F
161670,20~24,F
173878,20~24,F
934237,20~24,F
147952,20~24,F
352414,20~24,F
905383,20~24,F
258440,20~24,F
795608,20~24,F
173237,20~24,F
473380,25~29,F
516477,25~29,F
451685,25~29,F
705851,25~29,F
272585,25~29,F
666145,25~29,F
440427,25~29,F
839885,25~29,F
278950,25~29,F
728697,25~29,F
730477,25~29,F
536512,25~29,F
986564,25~29,F
107557,25~29,F
980286,25~29,F
412299,25~29,F
175897,25~29,F
754981,25~29,F
884445,25~29,F
795849,25~29,F
672136,25~29,F
535448,25~29,F
913587,25~29,F
659816,25~29,F
801705,25~29,F
240606,25~29,F
899871,25~29,F
880875,25~29,F
680261,25~29,F
448590,25~29,F
646030,25~29,F
709360,25~29,F
548246,25~29,F
763027,25~29,F
300327,25~29,F
621770,25~29,F
863100,30~34,F
683292,30~34,F
192856,30~34,F
873102,35~39,F
172300,35~39,F
525962,40~44,F
649488,20~24,F
788261,20~24,F
626366,20~24,F
242473,20~24,F
374060,20~24,F
714838,20~24,F
261283,20~24,F
430538,20~24,F
970922,20~24,F
804445,20~24,F
692669,20~24,F
662040,20~24,F
269325,20~24,F
334193,20~24,F
927741,20~24,F
788705,20~24,F
243233,20~24,F
982976,20~24,F
345232,20~24,F
694221,20~24,F
367430,20~24,F
139852,20~24,F
397801,20~24,F
913914,20~24,F
230037,20~24,F
119275,20~24,F
800314,20~24,F
432246,20~24,F
349503,20~24,F
800221,20~24,F
443957,20~24,F
707757,20~24,F
653101,20~24,F
593329,20~24,F
943179,20~24,F
825521,20~24,F
354881,20~24,F
258060,20~24,F
388861,20~24,F
765702,20~24,F
753072,20~24,F
132328,20~24,F
173612,20~24,F
965661,20~24,F
126675,20~24,F
156422,20~24,F
694425,20~24,F
374265,20~24,F
258711,25~29,F
437082,25~29,F
301111,25~29,F
967209,25~29,F
565705,25~29,F
852423,25~29,F
489648,25~29,F
649707,25~29,F
181574,25~29,F
956972,25~29,F
418216,25~29,F
299951,25~29,F
292625,25~29,F
894439,25~29,F
567863,25~29,F
282788,25~29,F
835425,25~29,F
813614,25~29,F
784667,25~29,F
873521,25~29,F
633951,25~29,F
545957,25~29,F
703806,25~29,F
157793,25~29,F
915430,25~29,F
189456,25~29,F
679333,25~29,F
655183,25~29,F
105014,25~29,F
292678,25~29,F
533055,25~29,F
442192,25~29,F
380235,25~29,F
251276,25~29,F
573527,25~29,F
534105,25~29,F
846731,30~34,F
696818,30~34,F
611769,30~34,F
209865,35~39,F
590482,35~39,F
517520,40~44,F
412488,20~24,F
882970,20~24,F
805383,20~24,F
736513,20~24,F
223071,20~24,F
957369,20~24,F
734622,20~24,F
221326,20~24,F
386945,20~24,F
750845,20~24,F
460464,20~24,F
426506,20~24,F
447280,20~24,F
481402,20~24,F
312660,20~24,F
173887,20~24,F
268127,20~24,F
402086,20~24,F
539145,20~24,F
741200,20~24,F
430908,20~24,F
632578,20~24,F
278166,20~24,F
541110,20~24,F
819391,20~24,F
574605,20~24,F
574685,20~24,F
668922,20~24,F
798946,20~24,F
653659,20~24,F
291516,20~24,F
440271,20~24,F
118026,20~24,F
804164,20~24,F
607806,20~24,F
304792,20~24,F
947058,20~24,F
265605,20~24,F
582824,20~24,F
290459,20~24,F
678724,20~24,F
980847,20~24,F
140259,20~24,F
954359,20~24,F
715980,20~24,F
438445,20~24,F
157489,20~24,F
203444,20~24,F
235344,25~29,F
153017,25~29,F
160113,25~29,F
224868,25~29,F
926622,25~29,F
290077,25~29,F
860739,25~29,F
327622,25~29,F
790143,25~29,F
970903,25~29,F
692563,25~29,F
398591,25~29,F
621352,25~29,F
882270,25~29,F
326649,25~29,F
481989,25~29,F
802422,25~29,F
901760,25~29,F
332459,25~29,F
292883,25~29,F
726766,25~29,F
591273,25~29,F
260288,25~29,F
690734,25~29,F
606415,25~29,F
715097,25~29,F
408291,25~29,F
584747,25~29,F
399209,25~29,F
272885,25~29,F
236652,25~29,F
476449,25~29,F
379444,25~29,F
355098,25~29,F
953111,25~29,F
920611,25~29,F
329491,30~34,F
344840,30~34,F
672446,30~34,F
623724,35~39,F
802817,35~39,F
905792,40~44,F
924250,20~24,F
110351,20~24,F
433342,20~24,F
384867,20~24,F
921070,20~24,F
398168,20~24,F
599230,20~24,F
553606,20~24,F
217617,20~24,F
938639,20~24,F
932096,20~24,F
891420,20~24,F
982171,20~24,F
976534,20~24,F
852663,20~24,F
281925,20~24,F
508752,20~24,F
543972,20~24,F
405573,20~24,F
983504,20~24,F
177718,20~24,F
225716,20~24,F
735447,20~24,F
532468,20~24,F
505282,20~24,F
229424,20~24,F
283529,20~24,F
737714,20~24,F
106903,20~24,F
247911,20~24,F
979040,20~24,F
953490,20~24,F
931287,20~24,F
410486,20~24,F
817205,20~24,F
248645,20~24,F
569371,20~24,F
216916,20~24,F
760214,20~24,F
756978,20~24,F
324419,20~24,F
575919,20~24,F
960969,20~24,F
662099,20~24,F
122439,20~24,F
399471,20~24,F
382367,20~24,F
265624,20~24,F
186165,25~29,F
901797,25~29,F
760438,25~29,F
505111,25~29,F
164824,25~29,F
953765,25~29,F
639329,25~29,F
593000,25~29,F
288281,25~29,F
606440,25~29,F
675759,25~29,F
516314,25~29,F
812197,25~29,F
531322,25~29,F
259869,25~29,F
159113,25~29,F
982451,25~29,F
947936,25~29,F
694491,25~29,F
271311,25~29,F
742647,25~29,F
186828,25~29,F
655236,25~29,F
356744,25~29,F
549745,25~29,F
660354,25~29,F
725050,25~29,F
603533,25~29,F
971658,25~29,F
606732,25~29,F
381283,25~29,F
675016,25~29,F
879924,25~29,F
546893,25~29,F
534620,25~29,F
667635,25~29,F
138737,30~34,F
549867,30~34,F
632234,30~34,F
110630,35~39,F
161696,35~39,F
205668,40~44,F
915087,20~24,F
711288,20~24,F
401758,20~24,F
566392,20~24,F
786022,20~24,F
264048,20~24,F
447450,20~24,F
684075,20~24,F
127708,20~24,F
821999,20~24,F
631666,20~24,F
589786,20~24,F
236748,20~24,F
790483,20~24,F
323848,20~24,F
343757,20~24,F
672083,20~24,F
285647,20~24,F
208280,20~24,F
279320,20~24,F
355446,20~24,F
201295,20~24,F
399216,20~24,F
543120,20~24,F
479310,20~24,F
550880,20~24,F
721719,20~24,F
918166,20~24,F
270056,20~24,F
156049,20~24,F
827528,20~24,F
502784,20~24,F
749444,20~24,F
492075,20~24,F
202703,20~24,F
406961,20~24,F
854776,20~24,F
327019,20~24,F
283052,20~24,F
120385,20~24,F
702917,20~24,F
288698,20~24,F
156742,20~24,F
858081,20~24,F
904340,20~24,F
834725,20~24,F
629887,20~24,F
512145,20~24,F
842441,25~29,F
394119,25~29,F
888533,25~29,F
154966,25~29,F
331866,25~29,F
641594,25~29,F
832308,25~29,F
492080,25~29,F
648871,25~29,F
147322,25~29,F
609544,25~29,F
931522,25~29,F
535881,25~29,F
262475,25~29,F
445713,25~29,F
538329,25~29,F
614935,25~29,F
912138,25~29,F
468484,25~29,F
523718,25~29,F
776287,25~29,F
319352,25~29,F
866485,25~29,F
321680,25~29,F
895979,25~29,F
947440,25~29,F
217058,25~29,F
435421,25~29,F
587107,25~29,F
453143,25~29,F
829053,25~29,F
458854,25~29,F
270082,25~29,F
249498,25~29,F
445710,25~29,F
107727,25~29,F
313946,30~34,F
627298,30~34,F
118365,30~34,F
267447,35~39,F
355644,35~39,F
503628,40~44,F
424049,20~24,F
961899,20~24,F
514580,20~24,F
915227,20~24,F
117968,20~24,F
546606,20~24,F
833815,20~24,F
710236,20~24,F
755150,20~24,F
227891,20~24,F
267379,20~24,F
317898,20~24,F
381930,20~24,F
566701,20~24,F
943040,20~24,F
423997,20~24,F
358371,20~24,F
642537,20~24,F
478314,20~24,F
318367,20~24,F
464893,20~24,F
460972,20~24,F
144401,20~24,F
156205,20~24,F
333552,20~24,F
511280,20~24,F
355502,20~24,F
774472,20~24,F
931761,20~24,F
564970,20~24,F
688048,20~24,F
404767,20~24,F
592738,20~24,F
924888,20~24,F
379034,20~24,F
742434,20~24,F
864472,20~24,F
236537,20~24,F
111952,20~24,F
156069,20~24,F
399539,20~24,F
648472,20~24,F
354911,20~24,F
921246,20~24,F
591796,20~24,F
524024,20~24,F
654803,20~24,F
990330,20~24,F
593643,25~29,F
630424,25~29,F
356013,25~29,F
243412,25~29,F
316377,25~29,F
745688,25~29,F
757995,25~29,F
319043,25~29,F
546356,25~29,F
293377,25~29,F
172250,25~29,F
318196,25~29,F
486288,25~29,F
379242,25~29,F
697351,25~29,F
437067,25~29,F
143536,25~29,F
798063,25~29,F
542180,25~29,F
547264,25~29,F
340898,25~29,F
830976,25~29,F
739432,25~29,F
750692,25~29,F
691395,25~29,F
129240,25~29,F
273307,25~29,F
414998,25~29,F
447305,25~29,F
690549,25~29,F
357419,25~29,F
532919,25~29,F
743884,25~29,F
329755,25~29,F
786004,25~29,F
724361,25~29,F
897923,30~34,F
383661,30~34,F
293376,30~34,F
836176,35~39,F
686414,35~39,F
607159,40~44,F
785314,20~24,F
323101,20~24,F
125788,20~24,F
464309,20~24,F
254492,20~24,F
204274,20~24,F
719010,20~24,F
382236,20~24,F
975983,20~24,F
865832,20~24,F
344712,20~24,F
977209,20~24,F
323565,20~24,F
845711,20~24,F
872694,20~24,F
444858,20~24,F
591835,20~24,F
678288,20~24,F
700082,20~24,F
168930,20~24,F
674464,20~24,F
365107,20~24,F
939088,20~24,F
805420,20~24,F
690761,20~24,F
903364,20~24,F
953786,20~24,F
749284,20~24,F
721014,20~24,F
351113,20~24,F
618612,20~24,F
209995,20~24,F
163537,20~24,F
505947,20~24,F
800666,20~24,F
983577,20~24,F
790022,20~24,F
802241,20~24,F
561294,20~24,F
803771,20~24,F
174607,20~24,F
821010,20~24,F
283175,20~24,F
890029,20~24,F
114714,20~24,F
957448,20~24,F
411540,20~24,F
892807,20~24,F
639705,25~29,F
368059,25~29,F
732589,25~29,F
652035,25~29,F
855600,25~29,F
819225,25~29,F
837819,25~29,F
246192,25~29,F
215282,25~29,F
727171,25~29,F
337147,25~29,F
259407,25~29,F
180563,25~29,F
755002,25~29,F
480714,25~29,F
395890,25~29,F
828144,25~29,F
854808,25~29,F
158519,25~29,F
530287,25~29,F
980083,25~29,F
889376,25~29,F
422062,25~29,F
664912,25~29,F
703973,25~29,F
825015,25~29,F
736821,25~29,F
946769,25~29,F
130068,25~29,F
389084,25~29,F
381730,25~29,F
148036,25~29,F
885427,25~29,F
882119,25~29,F
181592,25~29,F
160693,25~29,F
980958,30~34,F
526261,30~34,F
221517,30~34,F
992992,35~39,F
992172,35~39,F
793020,40~44,F
657213,20~24,F
352371,20~24,F
855993,20~24,F
660825,20~24,F
943067,20~24,F
149658,20~24,F
542824,20~24,F
581756,20~24,F
395051,20~24,F
126498,20~24,F
271931,20~24,F
460063,20~24,F
557459,20~24,F
195896,20~24,F
531694,20~24,F
828672,20~24,F
957215,20~24,F
942648,20~24,F
290184,20~24,F
982746,20~24,F
589587,20~24,F
292029,20~24,F
872178,20~24,F
874145,20~24,F
855335,20~24,F
259394,20~24,F
366311,20~24,F
129265,20~24,F
693112,20~24,F
261619,20~24,F
613731,20~24,F
864122,20~24,F
639036,20~24,F
442716,25~29,F
875868,25~29,F
590796,25~29,F
927873,25~29,F
814713,25~29,F
538857,25~29,F
475380,25~29,F
193065,25~29,F
556766,25~29,F
575764,25~29,F
102423,25~29,F
882562,25~29,F
110577,25~29,F
766956,25~29,F
258168,25~29,F
493224,25~29,F
203634,25~29,F
881382,25~29,F
902518,25~29,F
185935,25~29,F
297681,25~29,F
546003,25~29,F
682911,25~29,F
632460,25~29,F
558491,25~29,F
799976,25~29,F
494413,25~29,F
330614,25~29,F
313099,25~29,F
718677,25~29,F
597199,25~29,F
413634,25~29,F
216116,25~29,F
420291,25~29,F
143435,25~29,F
948906,25~29,F
197468,25~29,F
591650,25~29,F
642150,25~29,F
371786,25~29,F
450533,25~29,F
796285,25~29,F
995544,25~29,F
221193,25~29,F
931635,25~29,F
538644,25~29,F
940221,25~29,F
884821,25~29,F
378008,25~29,F
463904,25~29,F
934679,25~29,F
114632,25~29,F
235720,30~34,F
809885,30~34,F
591643,30~34,F
803500,35~39,F
554774,35~39,F
653976,40~44,F
407872,20~24,F
311207,20~24,F
554636,20~24,F
200334,20~24,F
719689,20~24,F
606100,20~24,F
640434,20~24,F
902597,20~24,F
982287,20~24,F
664200,20~24,F
898028,20~24,F
205112,20~24,F
975249,20~24,F
318727,20~24,F
875366,20~24,F
747960,20~24,F
706914,20~24,F
332711,20~24,F
838948,20~24,F
746739,20~24,F
197480,20~24,F
956412,20~24,F
642053,20~24,F
499309,20~24,F
437545,20~24,F
459093,20~24,F
316051,20~24,F
588973,20~24,F
584860,20~24,F
752896,20~24,F
333770,20~24,F
767391,20~24,F
935642,20~24,F
751869,20~24,F
207960,20~24,F
885789,20~24,F
598893,20~24,F
539397,20~24,F
876254,20~24,F
180927,20~24,F
885160,20~24,F
726372,20~24,F
642202,20~24,F
407842,20~24,F
719028,20~24,F
283762,20~24,F
641081,20~24,F
459755,20~24,F
977493,25~29,F
906166,25~29,F
727374,25~29,F
100168,25~29,F
650935,25~29,F
470204,25~29,F
534470,25~29,F
150509,25~29,F
232155,25~29,F
115743,25~29,F
151703,25~29,F
740788,25~29,F
182904,25~29,F
772140,25~29,F
445430,25~29,F
456215,25~29,F
789489,25~29,F
543991,25~29,F
484620,25~29,F
686585,25~29,F
429118,25~29,F
606218,25~29,F
915188,25~29,F
487460,25~29,F
568358,25~29,F
136761,25~29,F
611085,25~29,F
322304,25~29,F
530954,25~29,F
880260,25~29,F
762363,25~29,F
925660,25~29,F
810118,25~29,F
300010,25~29,F
594980,25~29,F
825631,25~29,F
252332,30~34,F
507130,30~34,F
501638,30~34,F
173752,35~39,F
826651,35~39,F
630483,40~44,F
984421,20~24,F
731901,20~24,F
225307,20~24,F
823439,20~24,F
560355,20~24,F
523239,20~24,F
403726,20~24,F
433102,20~24,F
147634,20~24,F
310988,20~24,F
114680,20~24,F
934240,20~24,F
820854,20~24,F
273253,20~24,F
510841,20~24,F
680540,20~24,F
629634,20~24,F
441408,20~24,F
429365,20~24,F
564432,20~24,F
515355,20~24,F
928957,20~24,F
639315,20~24,F
355731,20~24,F
353234,20~24,F
729118,20~24,F
669155,20~24,F
685114,20~24,F
748112,20~24,F
159054,20~24,F
606287,20~24,F
625696,20~24,F
858708,20~24,F
734736,20~24,F
878621,20~24,F
758779,20~24,F
619263,20~24,F
427736,20~24,F
695396,20~24,F
987835,20~24,F
688779,20~24,F
141002,20~24,F
916362,20~24,F
165267,20~24,F
418690,20~24,F
877201,20~24,F
621003,20~24,F
293754,20~24,F
237928,25~29,F
399097,25~29,F
284197,25~29,F
102085,25~29,F
750887,25~29,F
390631,25~29,F
161582,25~29,F
372604,25~29,F
980605,25~29,F
963754,25~29,F
222788,25~29,F
929632,25~29,F
890345,25~29,F
470678,25~29,F
660581,25~29,F
794957,25~29,F
712738,25~29,F
412916,25~29,F
303973,25~29,F
382804,25~29,F
229504,25~29,F
877502,25~29,F
442272,25~29,F
835197,25~29,F
827189,25~29,F
510195,25~29,F
196298,25~29,F
246270,25~29,F
812392,25~29,F
777053,25~29,F
251182,25~29,F
399620,25~29,F
953998,25~29,F
456326,25~29,F
482779,25~29,F
181982,25~29,F
251293,30~34,F
456566,30~34,F
543796,30~34,F
123052,35~39,F
933036,35~39,F
772213,40~44,F
477818,20~24,F
182122,20~24,F
582479,20~24,F
766733,20~24,F
184965,20~24,F
705233,20~24,F
938202,20~24,F
457159,20~24,F
144778,20~24,F
968496,20~24,F
995334,20~24,F
538691,20~24,F
240652,20~24,F
368751,20~24,F
240131,20~24,F
206759,20~24,F
543037,20~24,F
235680,20~24,F
135810,20~24,F
363496,20~24,F
222640,20~24,F
956362,20~24,F
491832,20~24,F
398800,20~24,F
295638,20~24,F
386592,20~24,F
366291,20~24,F
687423,20~24,F
940270,20~24,F
157910,20~24,F
866720,20~24,F
210543,20~24,F
363977,20~24,F
476647,20~24,F
664936,20~24,F
459384,20~24,F
530605,20~24,F
605184,20~24,F
277162,20~24,F
743584,20~24,F
395385,20~24,F
170087,20~24,F
922912,20~24,F
815489,20~24,F
456044,20~24,F
218687,20~24,F
773034,20~24,F
299511,20~24,F
111410,25~29,F
647590,25~29,F
211650,25~29,F
355510,25~29,F
864585,25~29,F
414140,25~29,F
773562,25~29,F
465346,25~29,F
729727,25~29,F
906034,25~29,F
192054,25~29,F
914510,25~29,F
644536,25~29,F
478139,25~29,F
499199,25~29,F
992774,25~29,F
773489,25~29,F
393475,25~29,F
691773,25~29,F
326812,25~29,F
989142,25~29,F
479034,25~29,F
144381,25~29,F
572166,25~29,F
973281,25~29,F
593531,25~29,F
901469,25~29,F
654914,25~29,F
402562,25~29,F
388740,25~29,F
746885,25~29,F
230846,25~29,F
791206,25~29,F
337634,25~29,F
866374,25~29,F
799123,25~29,F
693620,30~34,F
619525,30~34,F
883395,30~34,F
164179,35~39,F
133525,35~39,F
457740,40~44,F
375458,20~24,F
501149,20~24,F
270924,20~24,F
678184,20~24,F
682807,20~24,F
984694,20~24,F
474493,20~24,F
820815,20~24,F
886644,20~24,F
926608,20~24,F
370851,20~24,F
624896,20~24,F
841743,20~24,F
888263,20~24,F
132585,20~24,F
721927,20~24,F
350252,20~24,F
636587,20~24,F
352889,20~24,F
205056,20~24,F
608683,20~24,F
467010,20~24,F
679291,20~24,F
267046,20~24,F
368369,20~24,F
936327,20~24,F
438151,20~24,F
979592,20~24,F
463570,20~24,F
528152,20~24,F
475536,20~24,F
886307,20~24,F
997361,20~24,F
761137,20~24,F
555113,20~24,F
286696,20~24,F
342764,20~24,F
780749,20~24,F
254963,20~24,F
763960,20~24,F
333949,20~24,F
656000,20~24,F
886783,20~24,F
936669,20~24,F
444927,20~24,F
609428,20~24,F
991889,20~24,F
705125,20~24,F
435053,25~29,F
406118,25~29,F
380482,25~29,F
421150,25~29,F
164107,25~29,F
314415,25~29,F
430003,25~29,F
914481,25~29,F
472781,25~29,F
204233,25~29,F
817129,25~29,F
848922,25~29,F
931566,25~29,F
595028,25~29,F
187014,25~29,F
382786,25~29,F
770923,25~29,F
739781,25~29,F
129346,25~29,F
543779,25~29,F
181130,25~29,F
264300,25~29,F
400991,25~29,F
517143,25~29,F
256049,25~29,F
715948,25~29,F
137670,25~29,F
862058,25~29,F
517080,25~29,F
163121,25~29,F
654694,25~29,F
440003,25~29,F
213527,25~29,F
860857,25~29,F
787837,25~29,F
834308,25~29,F
952580,30~34,F
458246,30~34,F
237177,30~34,F
680461,35~39,F
839179,35~39,F
529234,40~44,F
214500,20~24,F
488424,20~24,F
496554,20~24,F
553080,20~24,F
548804,20~24,F
119454,20~24,F
671472,20~24,F
944016,20~24,F
672940,20~24,F
228598,20~24,F
256759,20~24,F
269235,20~24,F
520449,20~24,F
960361,20~24,F
104564,20~24,F
440296,20~24,F
498647,20~24,F
995148,20~24,F
739737,20~24,F
465778,20~24,F
759379,20~24,F
553963,20~24,F
860875,20~24,F
750419,20~24,F
888438,20~24,F
670534,20~24,F
191707,20~24,F
320399,20~24,F
886648,20~24,F
313006,20~24,F
596987,20~24,F
818347,20~24,F
447364,20~24,F
235821,20~24,F
755548,20~24,F
114820,20~24,F
850550,20~24,F
634099,20~24,F
166461,20~24,F
863568,20~24,F
986377,20~24,F
529392,20~24,F
104890,20~24,F
576917,20~24,F
536577,20~24,F
431509,20~24,F
530947,20~24,F
385539,20~24,F
689268,25~29,F
270376,25~29,F
336994,25~29,F
683559,25~29,F
345690,25~29,F
664786,25~29,F
146927,25~29,F
764392,25~29,F
838660,25~29,F
339014,25~29,F
862523,25~29,F
988529,25~29,F
187258,25~29,F
508848,25~29,F
663394,25~29,F
265757,25~29,F
232576,25~29,F
989337,25~29,F
209851,25~29,F
208655,25~29,F
543372,25~29,F
737635,25~29,F
929742,25~29,F
477499,25~29,F
834547,25~29,F
122989,25~29,F
787391,25~29,F
571007,25~29,F
582077,25~29,F
779527,25~29,F
243369,25~29,F
791062,25~29,F
425001,25~29,F
873691,25~29,F
229288,25~29,F
719572,25~29,F
973653,30~34,F
328646,30~34,F
433564,30~34,F
809091,35~39,F
852035,35~39,F
850047,40~44,F
754910,20~24,F
362272,20~24,F
169849,20~24,F
564351,20~24,F
548219,20~24,F
167541,20~24,F
247458,20~24,F
336173,20~24,F
893246,20~24,F
309628,20~24,F
768600,20~24,F
688761,20~24,F
672255,20~24,F
727293,20~24,F
419202,20~24,F
930687,20~24,F
833864,20~24,F
649684,20~24,F
177355,20~24,F
527372,20~24,F
101766,20~24,F
825398,20~24,F
449901,20~24,F
879592,20~24,F
403812,20~24,F
778817,20~24,F
966296,20~24,F
679781,20~24,F
733787,20~24,F
738645,20~24,F
401399,20~24,F
670535,20~24,F
299226,20~24,F
854800,20~24,F
401387,20~24,F
502360,20~24,F
348659,20~24,F
257233,20~24,F
836013,20~24,M
606947,20~24,M
360027,20~24,M
391193,20~24,M
420124,20~24,M
445149,20~24,M
243126,20~24,M
777973,20~24,M
376102,20~24,M
583068,20~24,F
500183,25~29,F
748129,25~29,F
830230,25~29,F
873001,25~29,F
593247,25~29,F
385117,25~29,F
106134,25~29,F
237582,25~29,F
395530,25~29,F
248337,25~29,F
106084,25~29,F
358084,25~29,F
236295,25~29,F
777361,25~29,F
940611,25~29,F
508199,25~29,F
971812,25~29,F
736768,25~29,F
976206,25~29,F
178410,25~29,F
294785,25~29,F
844958,25~29,F
183433,25~29,F
789654,25~29,F
397581,25~29,F
504693,25~29,F
267012,25~29,F
572141,25~29,F
215061,25~29,F
956319,25~29,F
869633,25~29,F
596248,25~29,F
424390,25~29,F
741009,25~29,F
904282,25~29,F
351534,25~29,F
126135,30~34,F
299316,30~34,F
717611,30~34,F
259169,35~39,F
150695,35~39,F
182037,40~44,F
997829,20~24,F
241965,20~24,F
173276,20~24,F
834156,20~24,F
426685,20~24,F
158547,20~24,F
996783,20~24,F
604187,20~24,F
411532,20~24,F
910525,20~24,F
478224,20~24,F
312993,20~24,F
202681,20~24,F
527706,20~24,F
324448,20~24,F
268902,20~24,F
764485,20~24,F
622905,20~24,F
516094,20~24,F
652115,20~24,F
542860,20~24,F
550652,20~24,F
738109,20~24,F
427566,20~24,F
758796,20~24,F
346689,20~24,F
776931,20~24,F
463840,20~24,F
965897,20~24,F
494178,20~24,F
390470,20~24,F
939547,20~24,F
689028,20~24,F
187244,20~24,F
847526,20~24,F
555029,20~24,F
798144,20~24,F
797694,20~24,F
643114,20~24,F
288231,20~24,F
189137,20~24,F
432515,20~24,F
966868,20~24,F
966895,20~24,F
776750,20~24,F
390550,20~24,F
770964,20~24,F
694400,20~24,F
795987,25~29,F
143160,25~29,F
530857,25~29,F
921293,25~29,F
934191,25~29,F
196851,25~29,F
270398,25~29,F
286966,25~29,F
959450,25~29,F
972644,25~29,F
184216,25~29,F
939935,25~29,F
500976,25~29,F
563428,25~29,F
721509,25~29,F
194996,25~29,F
628005,25~29,F
341305,25~29,F
805071,25~29,F
828582,25~29,F
836227,25~29,F
568640,25~29,F
157701,25~29,F
697410,25~29,F
875754,25~29,F
252688,25~29,F
156083,25~29,F
361057,25~29,F
961247,25~29,F
118357,25~29,F
137419,25~29,F
393733,25~29,F
373579,25~29,F
598157,25~29,F
442964,25~29,F
970632,25~29,F
710012,30~34,F
907123,30~34,F
421229,30~34,F
946990,35~39,F
324904,35~39,F
884995,40~44,F
242271,20~24,F
215680,20~24,F
704445,20~24,F
587991,20~24,F
814841,20~24,F
212982,20~24,F
281102,20~24,F
602309,20~24,F
798771,20~24,F
884175,20~24,F
756188,20~24,F
337021,20~24,F
159620,20~24,F
761144,20~24,F
709919,20~24,F
391134,20~24,F
924974,20~24,F
335635,20~24,F
369499,20~24,F
550666,20~24,F
695013,20~24,F
487542,20~24,F
534534,20~24,F
512977,20~24,F
538380,20~24,F
498036,20~24,F
834333,20~24,F
320284,20~24,F
636441,20~24,F
871221,20~24,F
276340,20~24,F
518415,20~24,F
621393,20~24,F
417728,25~29,F
808928,25~29,F
550629,25~29,F
528188,25~29,F
237322,25~29,F
850533,25~29,F
595147,25~29,F
519923,25~29,F
229832,25~29,F
658940,25~29,F
523243,25~29,F
877023,25~29,F
988062,25~29,F
768646,25~29,F
888134,25~29,F
837241,25~29,F
786051,25~29,F
366977,25~29,F
914036,25~29,F
796772,25~29,F
382763,25~29,F
119368,25~29,F
362686,25~29,F
435321,25~29,F
780337,25~29,F
597058,25~29,F
955573,25~29,F
342786,25~29,F
907756,25~29,F
601262,25~29,F
561633,25~29,F
777410,25~29,F
924389,25~29,F
312165,25~29,F
980394,25~29,F
537799,25~29,F
180657,25~29,F
420320,25~29,F
794169,25~29,F
157604,25~29,F
491086,25~29,F
440218,25~29,F
911928,25~29,F
987649,25~29,F
123408,25~29,F
563667,25~29,F
860284,25~29,F
929964,25~29,F
450459,25~29,F
196361,25~29,F
487612,25~29,F
136199,25~29,F
395012,30~34,F
308566,30~34,F
373505,30~34,F
229858,35~39,F
823501,35~39,F
450660,40~44,F
603128,20~24,F
456781,20~24,F
524087,20~24,F
601059,20~24,F
441375,20~24,F
688816,20~24,F
876838,20~24,F
917481,20~24,F
223609,20~24,F
385886,20~24,F
670536,20~24,F
867039,20~24,F
710198,20~24,F
859523,20~24,F
479477,20~24,F
892325,20~24,F
794249,20~24,F
450472,20~24,F
126305,20~24,F
206068,20~24,F
205176,20~24,F
573484,20~24,F
983402,20~24,F
905058,20~24,F
163388,20~24,F
479616,20~24,F
657345,20~24,F
115795,20~24,F
981420,20~24,F
478403,20~24,F
438626,20~24,F
295979,20~24,F
699793,20~24,F
265830,20~24,F
694980,20~24,F
511210,20~24,F
423885,20~24,F
914956,20~24,F
153264,20~24,F
700593,20~24,F
752251,20~24,F
240601,20~24,F
494839,20~24,F
443695,20~24,F
175933,20~24,F
634728,20~24,F
744637,20~24,F
980782,20~24,F
730971,25~29,F
470594,25~29,F
434411,25~29,F
594005,25~29,F
560429,25~29,F
571737,25~29,F
753612,25~29,F
886190,25~29,F
938251,25~29,F
519948,25~29,F
282406,25~29,F
711194,25~29,F
207126,25~29,F
461640,25~29,F
638150,25~29,F
476948,25~29,F
630506,25~29,F
498916,25~29,F
279028,25~29,F
420988,25~29,F
538125,25~29,F
496361,25~29,F
453771,25~29,F
932966,25~29,F
622941,25~29,F
464822,25~29,F
381818,25~29,F
130645,25~29,F
374507,25~29,F
167202,25~29,F
127400,25~29,F
681975,25~29,F
840997,25~29,F
512251,25~29,F
288930,25~29,F
544023,25~29,F
102654,30~34,F
292867,30~34,F
779693,30~34,F
565215,35~39,F
987093,35~39,F
636156,40~44,F
138001,20~24,F
200318,20~24,F
387583,20~24,F
381094,20~24,F
378405,20~24,F
548442,20~24,F
154904,20~24,F
958582,20~24,F
142549,20~24,F
442149,20~24,F
150704,20~24,F
919955,20~24,F
581593,20~24,F
180743,20~24,F
960210,20~24,F
872073,20~24,F
517866,20~24,F
125043,20~24,F
386186,20~24,F
106863,20~24,F
981507,20~24,F
980031,20~24,F
609545,20~24,F
739821,20~24,F
121438,20~24,F
951971,20~24,F
319870,20~24,F
224197,20~24,F
962409,20~24,F
448605,20~24,F
636247,20~24,F
459086,20~24,F
204474,20~24,F
709846,20~24,F
483469,20~24,F
560465,20~24,F
737908,20~24,F
563647,20~24,F
613858,20~24,F
648645,20~24,F
789137,20~24,F
461435,20~24,F
529269,20~24,F
483699,20~24,F
364671,20~24,F
277674,20~24,F
625251,20~24,F
293638,20~24,F
480246,25~29,F
717757,25~29,F
870041,25~29,F
305310,25~29,F
154919,25~29,F
218843,25~29,F
476828,25~29,F
856892,25~29,F
947866,25~29,F
496460,25~29,F
268340,25~29,F
360739,25~29,F
174292,25~29,F
109802,25~29,F
452680,25~29,F
380069,25~29,F
278439,25~29,F
929767,25~29,F
186477,25~29,F
486928,25~29,F
249004,25~29,F
480140,25~29,F
312182,25~29,F
128485,25~29,F
967932,25~29,F
255675,25~29,F
512379,25~29,F
913581,25~29,F
690571,25~29,F
716691,25~29,F
762677,25~29,F
285340,25~29,F
826648,25~29,F
226543,25~29,F
151175,25~29,F
319820,25~29,F
577725,30~34,F
486149,30~34,F
228291,30~34,F
468305,35~39,F
498286,35~39,F
824042,40~44,F
763927,20~24,F
741249,20~24,F
589160,20~24,F
350219,20~24,F
273448,20~24,F
289685,20~24,F
543823,20~24,F
422947,20~24,F
262988,20~24,F
474712,20~24,F
733487,20~24,F
722538,20~24,F
564204,20~24,F
721940,20~24,F
599316,20~24,F
866896,20~24,F
708248,20~24,F
786978,20~24,F
351010,20~24,F
225388,20~24,F
145130,20~24,F
887008,20~24,F
331639,20~24,F
192491,20~24,F
129695,20~24,F
513119,20~24,F
543538,20~24,F
218472,20~24,F
954864,20~24,F
139088,20~24,F
847967,20~24,F
660959,20~24,F
981972,20~24,F
270411,20~24,F
150497,20~24,F
617435,20~24,F
521329,20~24,F
746839,20~24,F
480150,20~24,F
730430,20~24,F
963939,20~24,F
569799,20~24,F
848700,20~24,F
649904,20~24,F
896271,20~24,F
433164,20~24,F
394076,20~24,F
932943,20~24,F
163281,25~29,F
239398,25~29,F
266458,25~29,F
634070,25~29,F
117234,25~29,F
328631,25~29,F
726515,25~29,F
298980,25~29,F
621022,25~29,F
199094,25~29,F
828352,25~29,F
935119,25~29,F
622621,25~29,F
147385,25~29,F
154026,25~29,F
811202,25~29,F
105517,25~29,F
741401,25~29,F
892241,25~29,F
918026,25~29,F
159972,25~29,F
639450,25~29,F
849713,25~29,F
420312,25~29,F
352891,25~29,F
239788,25~29,F
412859,25~29,F
322362,25~29,F
990356,25~29,F
494163,25~29,F
843179,25~29,F
488951,25~29,F
836813,25~29,F
142522,25~29,F
301862,25~29,F
875577,25~29,F
673924,30~34,F
825793,30~34,F
299914,30~34,F
849535,35~39,F
621867,35~39,F
570531,40~44,F
614494,20~24,F
116584,20~24,F
728725,20~24,F
458817,20~24,F
868004,20~24,F
455124,20~24,F
648753,20~24,F
569127,20~24,F
397609,20~24,F
201998,20~24,F
366629,20~24,F
980515,20~24,F
138217,20~24,F
613505,20~24,F
760659,20~24,F
303210,20~24,F
665333,20~24,F
975338,20~24,F
866367,20~24,F
215826,20~24,F
670234,20~24,F
136809,20~24,F
575585,20~24,F
448699,20~24,F
216661,20~24,F
805212,20~24,F
953978,20~24,F
863268,20~24,F
644904,20~24,F
927095,20~24,F
937771,20~24,F
463966,20~24,F
154634,20~24,F
731675,20~24,F
954890,20~24,F
401114,20~24,F
908911,20~24,F
949756,20~24,F
196308,20~24,F
677538,20~24,F
164010,20~24,F
521469,20~24,F
238790,20~24,F
919879,20~24,F
792127,20~24,F
858720,20~24,F
258726,20~24,F
500785,20~24,F
985002,25~29,F
113415,25~29,F
904531,25~29,F
660894,25~29,F
213910,25~29,F
973098,25~29,F
347917,25~29,F
400294,25~29,F
941381,25~29,F
301430,25~29,F
748981,25~29,F
959038,25~29,F
519033,25~29,F
244460,25~29,F
819151,25~29,F
394369,25~29,F
995561,25~29,F
714500,25~29,F
992636,25~29,F
831996,25~29,F
491705,25~29,F
861857,25~29,F
457004,25~29,F
943565,25~29,F
197291,25~29,F
692255,25~29,F
240258,25~29,F
583821,25~29,F
155929,25~29,F
831367,25~29,F
803117,25~29,F
687575,25~29,F
144226,25~29,F
594221,25~29,F
154359,25~29,F
689737,25~29,F
957343,30~34,F
694049,30~34,F
329147,30~34,F
849347,35~39,F
749631,35~39,F
577089,40~44,F
779115,20~24,F
370418,20~24,F
396279,20~24,F
406055,20~24,F
361639,20~24,F
462572,20~24,F
924157,20~24,F
923410,20~24,F
351190,20~24,F
894422,20~24,F
716674,20~24,F
534121,20~24,F
475302,20~24,F
475329,20~24,F
993810,20~24,F
110715,20~24,F
838702,20~24,F
964159,20~24,F
621379,20~24,F
102942,20~24,F
670063,20~24,F
420885,20~24,F
589878,20~24,F
123131,20~24,F
531149,20~24,F
880314,20~24,F
120969,20~24,F
496928,20~24,F
987568,20~24,F
816301,20~24,F
315395,20~24,F
249308,20~24,F
386027,20~24,F
517341,20~24,F
849251,20~24,F
281349,20~24,F
737403,20~24,F
723218,20~24,F
330337,20~24,F
882563,20~24,F
976073,20~24,F
800352,20~24,F
587515,20~24,F
733043,20~24,F
298324,20~24,F
798414,20~24,F
195697,20~24,F
578384,20~24,F
658345,25~29,F
290590,25~29,F
829391,25~29,F
966618,25~29,F
738272,25~29,F
706762,25~29,F
712480,25~29,F
766459,25~29,F
881385,25~29,F
392807,25~29,F
702991,25~29,F
609258,25~29,F
204725,25~29,F
964940,25~29,F
480519,25~29,F
861026,25~29,F
810948,25~29,F
134073,25~29,F
215594,25~29,F
835538,25~29,F
113884,25~29,F
980831,25~29,F
715368,25~29,F
509944,25~29,F
601279,25~29,F
303881,25~29,F
260959,25~29,F
298653,25~29,F
329488,25~29,F
431880,25~29,F
199239,25~29,F
101038,25~29,F
985092,25~29,F
519245,25~29,F
572473,25~29,F
377093,25~29,F
189213,30~34,F
255639,30~34,F
507743,30~34,F
595488,35~39,F
899430,35~39,F
466603,40~44,F
562766,20~24,F
531253,20~24,F
708400,20~24,F
994400,20~24,F
964557,20~24,F
917588,20~24,F
667720,20~24,F
481960,20~24,F
167181,20~24,F
909513,20~24,F
363056,20~24,F
387471,20~24,F
629155,20~24,F
739015,20~24,F
516196,20~24,F
504656,20~24,F
189446,20~24,F
252921,20~24,F
611960,20~24,F
392418,20~24,F
210584,20~24,F
624738,20~24,F
797392,20~24,F
478794,20~24,F
240031,20~24,F
916793,20~24,F
966925,20~24,F
673942,20~24,F
468864,20~24,F
871236,20~24,F
404126,20~24,F
658344,20~24,F
270905,20~24,F
703786,20~24,F
166500,20~24,F
215574,20~24,F
540869,20~24,F
146841,20~24,F
770680,20~24,F
609332,20~24,F
342189,20~24,F
305896,20~24,F
981931,20~24,F
493518,20~24,F
602795,20~24,F
557247,20~24,F
441331,20~24,F
941310,20~24,F
210067,25~29,F
212159,25~29,F
323732,25~29,F
567323,25~29,F
155285,25~29,F
327072,25~29,F
970773,25~29,F
103029,25~29,F
662452,25~29,F
681719,25~29,F
447139,25~29,F
904686,25~29,F
855734,25~29,F
432799,25~29,F
224423,25~29,F
341416,25~29,F
588583,25~29,F
524137,25~29,F
341345,25~29,F
128400,25~29,F
792531,25~29,F
375088,25~29,F
792464,25~29,F
928718,25~29,F
755099,25~29,F
510616,25~29,F
121089,25~29,F
100617,25~29,F
681571,25~29,F
250704,25~29,F
615661,25~29,F
176637,25~29,F
301508,25~29,F
640757,25~29,F
269335,25~29,F
397871,25~29,F
725394,30~34,F
172916,30~34,F
795192,30~34,F
254379,35~39,F
555681,35~39,F
792948,40~44,F
312632,20~24,F
607863,20~24,F
213800,20~24,F
826536,20~24,F
974435,20~24,F
452038,20~24,F
781909,20~24,F
752811,20~24,F
817892,20~24,F
154378,20~24,F
154477,20~24,F
908695,20~24,F
190000,20~24,F
495466,20~24,F
768888,20~24,F
704945,20~24,F
498468,20~24,F
460181,20~24,F
169963,20~24,F
380046,20~24,F
853309,20~24,F
629757,20~24,F
480576,20~24,F
277836,20~24,F
627538,20~24,F
498224,20~24,F
727348,20~24,F
372481,20~24,F
298396,20~24,F
874438,20~24,F
515027,20~24,F
912209,20~24,F
175285,20~24,F
623357,20~24,F
492458,20~24,F
257583,20~24,F
466503,20~24,F
727802,20~24,F
261048,20~24,F
370255,20~24,F
679483,20~24,F
595916,20~24,F
653607,20~24,F
653711,20~24,F
418879,20~24,F
775819,20~24,F
417625,20~24,F
309894,20~24,F
629451,25~29,F
400110,25~29,F
924055,25~29,F
776469,25~29,F
687788,25~29,F
176324,25~29,F
559175,25~29,F
442634,25~29,F
988706,25~29,F
100681,25~29,F
706366,25~29,F
383003,25~29,F
454462,25~29,F
173054,25~29,F
718438,25~29,F
257556,25~29,F
451936,25~29,F
515897,25~29,F
635381,25~29,F
558682,25~29,F
309004,25~29,F
287443,25~29,F
686069,25~29,F
499371,25~29,F
656493,25~29,F
941068,25~29,F
476566,25~29,F
902968,25~29,F
767995,25~29,F
237809,25~29,F
390298,25~29,F
954104,25~29,F
596689,25~29,F
552911,25~29,F
590054,25~29,F
727761,25~29,F
788974,30~34,F
221164,30~34,F
969944,30~34,F
894659,35~39,F
769971,35~39,F
555640,40~44,F
352845,20~24,F
693015,20~24,F
326161,20~24,F
506020,20~24,F
838496,20~24,F
854943,20~24,F
180479,20~24,F
400664,20~24,F
862017,20~24,F
562413,20~24,F
253842,20~24,F
551849,20~24,F
190051,20~24,F
372551,20~24,F
518550,20~24,F
807474,20~24,F
342790,20~24,F
589599,20~24,F
944202,20~24,F
854874,20~24,F
430341,20~24,F
992619,20~24,F
116785,20~24,F
409406,20~24,F
574742,20~24,F
370658,20~24,F
755468,20~24,F
572907,20~24,F
840026,20~24,F
939241,20~24,F
858732,20~24,F
814807,20~24,F
271081,20~24,F
378061,25~29,F
700785,25~29,F
855597,25~29,F
394838,25~29,F
162918,25~29,F
865727,25~29,F
762239,25~29,F
469191,25~29,F
346000,25~29,F
405261,25~29,F
238287,25~29,F
930495,25~29,F
880964,25~29,F
251138,25~29,F
293739,25~29,F
446338,25~29,F
622663,25~29,F
312014,25~29,F
365928,25~29,F
391553,25~29,F
199964,25~29,F
191772,25~29,F
769544,25~29,F
353206,25~29,F
825934,25~29,F
798246,25~29,F
748993,25~29,F
805407,25~29,F
496552,25~29,F
644969,25~29,F
461140,25~29,F
353390,25~29,F
641082,25~29,F
809660,25~29,F
814723,25~29,F
277908,25~29,F
575881,25~29,F
324297,25~29,F
475307,25~29,F
783698,25~29,F
795359,25~29,F
151401,25~29,F
627494,25~29,F
129214,25~29,F
506456,25~29,F
970409,25~29,F
375192,25~29,F
865151,25~29,F
967875,25~29,F
143773,25~29,F
635697,25~29,F
786568,25~29,F
255124,30~34,F
303175,30~34,F
132251,30~34,F
222587,35~39,F
651212,35~39,F
924234,40~44,F
586171,20~24,F
686816,20~24,F
809541,20~24,F
736793,20~24,F
651617,20~24,F
318930,20~24,F
907379,20~24,F
886722,20~24,F
377779,20~24,F
456147,20~24,F
872221,20~24,F
857930,20~24,F
269284,20~24,F
147616,20~24,F
207575,20~24,F
618606,20~24,F
607423,20~24,F
145142,20~24,F
556618,20~24,F
587918,20~24,F
111896,20~24,F
721654,20~24,F
975879,20~24,F
943990,20~24,F
202650,20~24,F
505209,20~24,F
795454,20~24,F
994309,20~24,F
257150,20~24,F
541333,20~24,F
883581,20~24,F
368263,20~24,F
442765,20~24,F
262247,20~24,F
775426,20~24,F
409283,20~24,F
866282,20~24,F
826586,20~24,F
881989,20~24,F
297573,20~24,F
758111,20~24,F
466899,20~24,F
142947,20~24,F
378356,20~24,F
241195,20~24,F
840092,20~24,F
529780,20~24,F
861570,20~24,F
946680,25~29,F
373408,25~29,F
689763,25~29,F
263942,25~29,F
372230,25~29,F
524830,25~29,F
681880,25~29,F
863987,25~29,F
524759,25~29,F
848502,25~29,F
989234,25~29,F
943324,25~29,F
375470,25~29,F
917517,25~29,F
218238,25~29,F
342514,25~29,F
831257,25~29,F
447902,25~29,F
443697,25~29,F
482437,25~29,F
191997,25~29,F
247695,25~29,F
331187,25~29,F
285065,25~29,F
675482,25~29,F
723777,25~29,F
542451,25~29,F
786467,25~29,F
427704,25~29,F
399365,25~29,F
814229,25~29,F
959019,25~29,F
482801,25~29,F
924221,25~29,F
363888,25~29,F
120550,25~29,F
564928,30~34,F
680250,30~34,F
407249,30~34,F
540284,35~39,F
416264,35~39,F
566604,40~44,F
590310,20~24,F
265446,20~24,F
831275,20~24,F
903235,20~24,F
758830,20~24,F
632897,20~24,F
187396,20~24,F
220499,20~24,F
826891,20~24,F
665525,20~24,F
555355,20~24,F
806617,20~24,F
431591,20~24,F
766942,20~24,F
143768,20~24,F
555115,20~24,F
858709,20~24,F
974895,20~24,F
411444,20~24,F
449951,20~24,F
988974,20~24,F
503858,20~24,F
174390,20~24,F
824308,20~24,F
603191,20~24,F
416475,20~24,F
922625,20~24,F
224988,20~24,F
740032,20~24,F
346454,20~24,F
849298,20~24,F
910855,20~24,F
497143,20~24,F
259759,20~24,F
198501,20~24,F
683891,20~24,F
967417,20~24,F
287570,20~24,F
350695,20~24,F
894580,20~24,F
730857,20~24,F
947074,20~24,F
240105,20~24,F
148474,20~24,F
540898,20~24,F
958675,20~24,F
370476,20~24,F
292028,20~24,F
837172,25~29,F
768150,25~29,F
353668,25~29,F
442449,25~29,F
399676,25~29,F
260580,25~29,F
912113,25~29,F
305843,25~29,F
742081,25~29,F
325564,25~29,F
389919,25~29,F
762899,25~29,F
164395,25~29,F
331928,25~29,F
951734,25~29,F
176908,25~29,F
590425,25~29,F
644189,25~29,F
594947,25~29,F
893845,25~29,F
323157,25~29,F
781139,25~29,F
441574,25~29,F
492988,25~29,F
383947,25~29,F
422612,25~29,F
106675,25~29,F
624690,25~29,F
991131,25~29,F
605521,25~29,F
415024,25~29,F
941718,25~29,F
701192,25~29,F
242974,25~29,F
298229,25~29,F
521831,25~29,F
538448,30~34,F
689342,30~34,F
686281,30~34,F
897492,35~39,F
508626,35~39,F
784415,40~44,F
390733,20~24,F
380907,20~24,F
374774,20~24,F
683602,20~24,F
747130,20~24,F
668187,20~24,F
543182,20~24,F
249129,20~24,F
365605,20~24,F
624080,20~24,F
448541,20~24,F
812251,20~24,F
767910,20~24,F
353442,20~24,F
163285,20~24,F
529986,20~24,F
864775,20~24,F
402270,20~24,F
427760,20~24,F
903955,20~24,F
789474,20~24,F
312238,20~24,F
518969,20~24,F
322589,20~24,F
262979,20~24,F
972552,20~24,F
903482,20~24,F
338772,20~24,F
899588,20~24,F
847664,20~24,F
723149,20~24,F
349176,20~24,F
139860,20~24,F
417595,20~24,F
552302,20~24,F
875734,20~24,F
902391,20~24,F
153502,20~24,F
672423,20~24,F
575687,20~24,F
835306,20~24,F
811168,20~24,F
398947,20~24,F
635569,20~24,F
385772,20~24,F
558971,20~24,F
357878,20~24,F
833399,20~24,F
696926,25~29,F
885389,25~29,F
217376,25~29,F
192317,25~29,F
843899,25~29,F
864504,25~29,F
464801,25~29,F
221319,25~29,F
269002,25~29,F
869171,25~29,F
149680,25~29,F
492966,25~29,F
521752,25~29,F
983773,25~29,F
102204,25~29,F
800490,25~29,F
376216,25~29,F
125585,25~29,F
191219,25~29,F
397794,25~29,F
775197,25~29,F
460756,25~29,F
731413,25~29,F
771569,25~29,F
243864,25~29,F
836343,25~29,F
448930,25~29,F
701353,25~29,F
367677,25~29,F
208660,25~29,F
368093,25~29,F
817535,25~29,F
141075,25~29,F
716084,25~29,F
469230,25~29,F
166756,25~29,F
114417,30~34,F
724740,30~34,F
657112,30~34,F
478679,35~39,F
178374,35~39,F
864071,40~44,F
440168,20~24,F
926423,20~24,F
887625,20~24,F
567767,20~24,F
172941,20~24,F
705594,20~24,F
999292,20~24,F
718952,20~24,F
557503,20~24,F
784333,20~24,F
351606,20~24,F
603278,20~24,F
109885,20~24,F
374069,20~24,F
116320,20~24,F
899064,20~24,F
406324,20~24,F
335043,20~24,F
226410,20~24,F
633973,20~24,F
206578,20~24,F
534267,20~24,F
649863,20~24,F
662683,20~24,F
436060,20~24,F
131419,20~24,F
225662,20~24,F
477055,20~24,F
824360,20~24,F
278659,20~24,F
145522,20~24,F
843244,20~24,F
775124,20~24,F
747381,20~24,F
966373,20~24,F
375485,20~24,F
635121,20~24,F
331572,20~24,F
957404,20~24,F
534153,20~24,F
439597,20~24,F
866827,20~24,F
135270,20~24,F
337424,20~24,F
202215,20~24,F
488394,20~24,F
605430,20~24,F
648968,20~24,F
860223,25~29,F
407281,25~29,F
963038,25~29,F
646845,25~29,F
970656,25~29,F
554274,25~29,F
608024,25~29,F
798017,25~29,F
416219,25~29,F
829419,25~29,F
274977,25~29,F
219686,25~29,F
948999,25~29,F
774885,25~29,F
911498,25~29,F
172664,25~29,F
707171,25~29,F
425942,25~29,F
684758,25~29,F
837717,25~29,F
412158,25~29,F
216888,25~29,F
104111,25~29,F
340365,25~29,F
873000,25~29,F
313279,25~29,F
742009,25~29,F
941412,25~29,F
333198,25~29,F
253951,25~29,F
418101,25~29,F
583678,25~29,F
728548,25~29,F
766758,25~29,F
930579,25~29,F
291011,25~29,F
352435,30~34,F
290336,30~34,F
291135,30~34,F
312659,35~39,F
705595,35~39,F
407355,40~44,F
632327,20~24,F
230981,20~24,F
999383,20~24,F
541262,20~24,F
597500,20~24,F
873634,20~24,F
950854,20~24,F
508849,20~24,F
114145,20~24,F
430635,20~24,F
109614,20~24,F
498265,20~24,F
754855,20~24,F
560175,20~24,F
925781,20~24,F
618896,20~24,F
482643,20~24,F
815172,20~24,F
762621,20~24,F
396339,20~24,F
311078,20~24,F
693934,20~24,F
175842,20~24,F
907536,20~24,F
400821,20~24,F
781495,20~24,F
419442,20~24,F
341916,20~24,F
574389,20~24,F
861431,20~24,F
377523,20~24,F
399618,20~24,F
729752,20~24,F
551466,20~24,F
131638,20~24,F
581384,20~24,F
737510,20~24,F
589746,20~24,F
111653,20~24,F
413090,20~24,F
535705,20~24,F
814486,20~24,F
437254,20~24,F
887877,20~24,F
919859,20~24,F
527655,20~24,F
936800,20~24,F
381477,20~24,F
266747,25~29,F
161127,25~29,F
626280,25~29,F
478826,25~29,F
814101,25~29,F
225226,25~29,F
928613,25~29,F
771113,25~29,F
858940,25~29,F
363306,25~29,F
554094,25~29,F
206050,25~29,F
364740,25~29,F
854600,25~29,F
790259,25~29,F
229978,25~29,F
162980,25~29,F
525342,25~29,F
736019,25~29,F
482926,25~29,F
859816,25~29,F
174091,25~29,F
858177,25~29,F
393098,25~29,F
688909,25~29,F
411356,25~29,F
646174,25~29,F
230425,25~29,F
835535,25~29,F
175531,25~29,F
106454,25~29,F
360227,25~29,F
169376,25~29,F
136538,25~29,F
706645,25~29,F
498111,25~29,F
137360,30~34,F
348164,30~34,F
463405,30~34,F
544546,35~39,F
574475,35~39,F
552575,40~44,F
150811,20~24,F
913086,20~24,F
852082,20~24,F
112435,20~24,F
671693,20~24,F
881836,20~24,F
720766,20~24,F
865726,20~24,F
531732,20~24,F
635452,20~24,F
158656,20~24,F
178945,20~24,F
973721,20~24,F
344309,20~24,F
459126,20~24,F
151520,20~24,F
870435,20~24,F
712820,20~24,F
520985,20~24,F
111196,20~24,F
896689,20~24,F
446912,20~24,F
264780,20~24,F
706917,20~24,F
122270,20~24,F
119643,20~24,F
569255,20~24,F
368638,20~24,F
805116,20~24,F
826120,20~24,F
989253,20~24,F
832872,20~24,F
951820,20~24,F
713542,20~24,F
691644,20~24,F
833623,20~24,F
738207,20~24,F
374210,20~24,F
437563,20~24,F
636246,20~24,F
231840,20~24,F
529054,20~24,F
162933,20~24,F
710523,20~24,F
232470,20~24,F
440297,20~24,F
653036,20~24,F
326570,20~24,F
228524,25~29,F
530446,25~29,F
387914,25~29,F
236533,25~29,F
996516,25~29,F
866920,25~29,F
294416,25~29,F
891470,25~29,F
158270,25~29,F
770028,25~29,F
809792,25~29,F
330973,25~29,F
707859,25~29,F
526377,25~29,F
148961,25~29,F
539957,25~29,F
694884,25~29,F
323095,25~29,F
551777,25~29,F
605466,25~29,F
883332,25~29,F
882024,25~29,F
743017,25~29,F
455710,25~29,F
503972,25~29,F
491523,25~29,F
922604,25~29,F
937147,25~29,F
861401,25~29,F
796255,25~29,F
676506,25~29,F
156085,25~29,F
377683,25~29,F
985460,25~29,F
249963,25~29,F
498332,25~29,F
490716,30~34,F
838141,30~34,F
597459,30~34,F
315695,35~39,F
939179,35~39,F
986794,40~44,F
505138,20~24,F
438703,20~24,F
689665,20~24,F
905413,20~24,F
910537,20~24,F
666527,20~24,F
970076,20~24,F
525933,20~24,F
497306,20~24,F
307610,20~24,F
951302,20~24,F
456160,20~24,F
936933,20~24,F
715390,20~24,F
331160,20~24,F
546470,20~24,F
868954,20~24,F
468262,20~24,F
330902,20~24,F
811997,20~24,F
792529,20~24,F
360973,20~24,F
315114,20~24,F
211399,20~24,F
948304,20~24,F
273727,20~24,F
929177,20~24,F
469938,20~24,F
237714,20~24,F
869019,20~24,F
147180,20~24,F
585315,20~24,F
985141,20~24,F
480613,20~24,F
300148,20~24,F
165660,20~24,F
320865,20~24,F
230427,20~24,F
148894,20~24,F
495556,20~24,F
874436,20~24,F
414309,20~24,F
499120,20~24,F
700324,20~24,F
613869,20~24,F
464809,20~24,F
575617,20~24,F
201755,20~24,F
874527,25~29,F
323369,25~29,F
499881,25~29,F
436442,25~29,F
748637,25~29,F
189051,25~29,F
599617,25~29,F
561390,25~29,F
688528,25~29,F
239406,25~29,F
437464,25~29,F
660666,25~29,F
936358,25~29,F
549476,25~29,F
196505,25~29,F
674382,25~29,F
390609,25~29,F
637019,25~29,F
271945,25~29,F
383587,25~29,F
562828,25~29,F
535666,25~29,F
954645,25~29,F
994127,25~29,F
859569,25~29,F
637331,25~29,F
919979,25~29,F
813655,25~29,F
230506,25~29,F
545843,25~29,F
269143,25~29,F
340421,25~29,F
769085,25~29,F
125305,25~29,F
803515,25~29,F
962941,25~29,F
810788,30~34,F
124791,30~34,F
946109,30~34,F
999816,35~39,F
802667,35~39,F
300605,40~44,F
419542,20~24,F
855212,20~24,F
738410,20~24,F
519510,20~24,F
580406,20~24,F
300766,20~24,F
650057,20~24,F
925828,20~24,F
160696,20~24,F
139990,20~24,F
313329,20~24,F
254364,20~24,F
653846,20~24,F
741991,20~24,F
211811,20~24,F
249866,20~24,F
365773,20~24,F
374370,20~24,F
205091,20~24,F
619750,20~24,F
557755,20~24,F
731211,20~24,F
862738,20~24,F
934676,20~24,F
235817,20~24,F
695199,20~24,F
541506,20~24,F
955984,20~24,F
752346,20~24,F
630383,20~24,F
997605,20~24,F
263073,20~24,F
779310,20~24,F
702485,25~29,F
390054,25~29,F
161699,25~29,F
582008,25~29,F
447748,25~29,F
411437,25~29,F
803865,25~29,F
617565,25~29,F
835198,25~29,F
504779,25~29,F
428096,25~29,F
798605,25~29,F
236554,25~29,F
118097,25~29,F
671775,25~29,F
882555,25~29,F
428690,25~29,F
523225,25~29,F
847493,25~29,F
934114,25~29,F
461986,25~29,F
298611,25~29,F
617908,25~29,F
665754,25~29,F
932683,25~29,F
194730,25~29,F
776910,25~29,F
140746,25~29,F
928265,25~29,F
900678,25~29,F
615347,25~29,F
534756,25~29,F
147336,25~29,F
102811,25~29,F
703454,25~29,F
723447,25~29,F
951713,25~29,F
368095,25~29,F
124241,25~29,F
309760,25~29,F
125217,25~29,F
394749,25~29,F
308155,25~29,F
997671,25~29,F
439140,25~29,F
107594,25~29,F
269223,25~29,F
368236,25~29,F
998091,25~29,F
718061,25~29,F
485686,25~29,F
722088,25~29,F
738609,30~34,F
471044,30~34,F
960405,30~34,F
762876,35~39,F
824743,35~39,F
192789,40~44,F
400662,20~24,F
306826,20~24,F
174830,20~24,F
343641,20~24,F
464327,20~24,F
961263,20~24,F
764445,20~24,F
350944,20~24,F
460445,20~24,F
676293,20~24,F
310902,20~24,F
403931,20~24,F
776409,20~24,F
949387,20~24,F
833039,20~24,F
293422,20~24,F
533169,20~24,F
403833,20~24,F
872494,20~24,F
572786,20~24,F
650752,20~24,F
761830,20~24,F
219786,20~24,F
891396,20~24,F
521099,20~24,F
553382,20~24,F
545631,20~24,F
505679,20~24,F
953012,20~24,F
385473,20~24,F
316403,20~24,F
765711,20~24,F
404887,20~24,F
695203,20~24,F
548863,20~24,F
539029,20~24,F
663800,20~24,F
833692,20~24,F
540038,20~24,F
362535,20~24,F
186587,20~24,F
589818,20~24,F
613109,20~24,F
224558,20~24,F
719025,20~24,F
451222,20~24,F
356024,20~24,F
469310,20~24,F
475081,25~29,F
965435,25~29,F
360010,25~29,F
999203,25~29,F
183297,25~29,F
371909,25~29,F
411013,25~29,F
185033,25~29,F
268471,25~29,F
400711,25~29,F
269318,25~29,F
363319,25~29,F
550206,25~29,F
554824,25~29,F
426230,25~29,F
671553,25~29,F
870285,25~29,F
814875,25~29,F
760345,25~29,F
138372,25~29,F
117371,25~29,F
927367,25~29,F
151450,25~29,F
850548,25~29,F
267843,25~29,F
912874,25~29,F
647705,25~29,F
747665,25~29,F
530176,25~29,F
297641,25~29,F
123605,25~29,F
714710,25~29,F
993357,25~29,F
292376,25~29,F
548799,25~29,F
137058,25~29,F
643984,30~34,F
362516,30~34,F
644492,30~34,F
469768,35~39,F
790345,35~39,F
462707,40~44,F
613838,20~24,F
629589,20~24,F
144080,20~24,F
894578,20~24,F
872287,20~24,F
635992,20~24,F
465925,20~24,F
528955,20~24,F
874639,20~24,F
654153,20~24,F
304682,20~24,F
591897,20~24,F
450721,20~24,F
227783,20~24,F
670855,20~24,F
205214,20~24,F
599667,20~24,F
707761,20~24,F
715132,20~24,F
247628,20~24,F
347987,20~24,F
917922,20~24,F
610225,20~24,F
615990,20~24,F
830897,20~24,F
515407,20~24,F
642898,20~24,F
804200,20~24,F
179850,20~24,F
125594,20~24,F
423768,20~24,F
861838,20~24,F
559968,20~24,F
166375,20~24,F
868690,20~24,F
805199,20~24,F
163206,20~24,F
795309,20~24,F
197690,20~24,F
222522,20~24,F
664848,20~24,F
935138,20~24,F
577319,20~24,F
159815,20~24,F
882494,20~24,F
591229,20~24,F
166804,20~24,F
689070,20~24,F
629687,25~29,F
736848,25~29,F
509576,25~29,F
551280,25~29,F
312484,25~29,F
976588,25~29,F
339963,25~29,F
251093,25~29,F
364905,25~29,F
816195,25~29,F
988739,25~29,F
968262,25~29,F
114435,25~29,F
299663,25~29,F
290062,25~29,F
573869,25~29,F
296147,25~29,F
137485,25~29,F
722643,25~29,F
292149,25~29,F
962427,25~29,F
404279,25~29,F
930235,25~29,F
695093,25~29,F
198938,25~29,F
641937,25~29,F
137815,25~29,F
667954,25~29,F
980107,25~29,F
267353,25~29,F
431199,25~29,F
207236,25~29,F
674348,25~29,F
586379,25~29,F
680603,25~29,F
920068,25~29,F
700794,30~34,F
524827,30~34,F
570589,30~34,F
620354,35~39,F
576156,35~39,F
127114,40~44,F
176082,20~24,F
673095,20~24,F
963384,20~24,F
569641,20~24,F
649008,20~24,F
441119,20~24,F
633570,20~24,F
521364,20~24,F
132720,20~24,F
974008,20~24,F
650698,20~24,F
828676,20~24,F
223785,20~24,F
315133,20~24,F
558379,20~24,F
393794,20~24,F
175416,20~24,F
361459,20~24,F
810435,20~24,F
663782,20~24,F
918842,20~24,F
471109,20~24,F
773349,20~24,F
399793,20~24,F
450440,20~24,F
285149,20~24,F
938714,20~24,F
259573,20~24,F
257422,20~24,F
496637,20~24,F
877475,20~24,F
600995,20~24,F
960943,20~24,F
906584,20~24,F
356166,20~24,F
278832,20~24,F
908174,20~24,F
423204,20~24,F
197275,20~24,F
848739,20~24,F
532540,20~24,F
903381,20~24,F
607876,20~24,F
588873,20~24,F
223224,20~24,F
714168,20~24,F
692312,20~24,F
585532,20~24,F
350858,25~29,F
466493,25~29,F
100440,25~29,F
167323,25~29,F
537841,25~29,F
222537,25~29,F
943031,25~29,F
607725,25~29,F
661510,25~29,F
207490,25~29,F
539520,25~29,F
214958,25~29,F
122634,25~29,F
249893,25~29,F
171287,25~29,F
341295,25~29,F
457188,25~29,F
630799,25~29,F
544325,25~29,F
269833,25~29,F
237241,25~29,F
672062,25~29,F
246494,25~29,F
910052,25~29,F
239313,25~29,F
738691,25~29,F
428290,25~29,F
373847,25~29,F
647454,25~29,F
110069,25~29,F
648446,25~29,F
117025,25~29,F
953418,25~29,F
846077,25~29,F
845287,25~29,F
163413,25~29,F
110322,30~34,F
496103,30~34,F
590049,30~34,F
934748,35~39,F
633976,35~39,F
376723,40~44,F
256440,20~24,F
198707,20~24,F
536593,20~24,F
524564,20~24,F
429977,20~24,F
702187,20~24,F
754018,20~24,F
170029,20~24,F
244232,20~24,F
755396,20~24,F
923802,20~24,F
164651,20~24,F
954060,20~24,F
361421,20~24,F
966435,20~24,F
131182,20~24,F
880674,20~24,F
945212,20~24,F
376979,20~24,F
810254,20~24,F
150656,20~24,F
423843,20~24,F
498094,20~24,F
321671,20~24,F
638549,20~24,F
329853,20~24,F
798243,20~24,F
356964,20~24,F
991036,20~24,F
504418,20~24,F
458426,20~24,F
941803,20~24,F
983261,20~24,F
552279,20~24,F
381180,20~24,F
455920,20~24,F
503788,20~24,F
229215,20~24,F
516832,20~24,F
138580,20~24,F
110095,20~24,F
704937,20~24,F
593597,20~24,F
811037,20~24,F
218900,20~24,F
776393,20~24,F
230025,20~24,F
979026,20~24,F
567565,25~29,F
781720,25~29,F
316215,25~29,F
909068,25~29,F
545404,25~29,F
138037,25~29,F
475985,25~29,F
298719,25~29,F
722696,25~29,F
995125,25~29,F
503225,25~29,F
804430,25~29,F
991606,25~29,F
977179,25~29,F
793657,25~29,F
945500,25~29,F
473673,25~29,F
433263,25~29,F
599988,25~29,F
649476,25~29,F
474916,25~29,F
873941,25~29,F
501993,25~29,F
444540,25~29,F
494666,25~29,F
216770,25~29,F
514967,25~29,F
188394,25~29,F
651658,25~29,F
288388,25~29,F
412602,25~29,F
784089,25~29,F
145883,25~29,F
845694,25~29,F
509350,25~29,F
542786,25~29,F
510296,30~34,F
574528,30~34,F
502438,30~34,F
247930,35~39,F
863738,35~39,F
647848,40~44,F
568294,20~24,F
973911,20~24,F
524876,20~24,F
702010,20~24,F
248879,20~24,F
448099,20~24,F
989672,20~24,F
538709,20~24,F
806020,20~24,F
102254,20~24,F
660537,20~24,F
843369,20~24,F
827941,20~24,F
665069,20~24,F
527030,20~24,F
335460,20~24,F
462919,20~24,F
911932,20~24,F
965074,20~24,F
193665,20~24,F
995101,20~24,F
371591,20~24,F
621920,20~24,F
948096,20~24,F
867026,20~24,F
957010,20~24,F
810203,20~24,F
111719,20~24,F
638477,20~24,F
175387,20~24,F
558072,20~24,F
469913,20~24,F
548179,20~24,F
885841,20~24,F
348052,20~24,F
201231,20~24,F
347638,20~24,F
898198,20~24,F
695798,20~24,F
800960,20~24,F
661083,20~24,F
589635,20~24,F
392445,20~24,F
650184,20~24,F
748928,20~24,F
899226,20~24,F
308747,20~24,F
403400,20~24,F
305903,25~29,F
668723,25~29,F
396652,25~29,F
978681,25~29,F
914111,25~29,F
592356,25~29,F
138828,25~29,F
548826,25~29,F
642120,25~29,F
939740,25~29,F
552199,25~29,F
495691,25~29,F
486809,25~29,F
136834,25~29,F
565391,25~29,F
287290,25~29,F
110736,25~29,F
935305,25~29,F
694019,25~29,F
147162,25~29,F
206658,25~29,F
764669,25~29,F
376215,25~29,F
584653,25~29,F
790858,25~29,F
668820,25~29,F
152987,25~29,F
247104,25~29,F
907805,25~29,F
858136,25~29,F
308565,25~29,F
286722,25~29,F
972165,25~29,F
491356,25~29,F
388056,25~29,F
198191,25~29,F
550794,30~34,F
823611,30~34,F
987657,30~34,F
437053,35~39,F
249289,35~39,F
916435,40~44,F
188908,20~24,F
399794,20~24,F
970853,20~24,F
310244,20~24,F
608515,20~24,F
538372,20~24,F
760610,20~24,F
854458,20~24,F
762256,20~24,F
833103,20~24,F
656095,20~24,F
429681,20~24,F
348278,20~24,F
319702,20~24,F
495413,20~24,F
187104,20~24,F
906734,20~24,F
815314,20~24,F
111541,20~24,F
777341,20~24,F
511757,20~24,F
477920,20~24,F
691384,20~24,F
184548,20~24,F
936670,20~24,F
758087,20~24,F
443987,20~24,F
917433,20~24,F
577318,20~24,F
698970,20~24,F
416256,20~24,F
227387,20~24,F
294058,20~24,F
570092,20~24,F
464265,20~24,F
890293,20~24,F
100144,20~24,F
895946,20~24,F
970970,20~24,F
534628,20~24,F
480332,20~24,F
410190,20~24,F
171309,20~24,F
518731,20~24,F
806708,20~24,F
717446,20~24,F
809913,20~24,F
706814,20~24,F
128258,25~29,F
905691,25~29,F
415455,25~29,F
712888,25~29,F
770461,25~29,F
210236,25~29,F
456610,25~29,F
236171,25~29,F
102742,25~29,F
993630,25~29,F
929614,25~29,F
214298,25~29,F
592909,25~29,F
884354,25~29,F
113934,25~29,F
854224,25~29,F
488507,25~29,F
464823,25~29,F
816049,25~29,F
828686,25~29,F
691506,25~29,F
797357,25~29,F
953089,25~29,F
592342,25~29,F
713813,25~29,F
817287,25~29,F
267537,25~29,F
411491,25~29,F
416001,25~29,F
909733,25~29,F
494285,25~29,F
288157,25~29,F
965053,25~29,F
503073,25~29,F
231667,25~29,F
747216,25~29,F
726504,30~34,F
429776,30~34,F
413599,30~34,F
640035,35~39,F
328311,35~39,F
418165,40~44,F
447922,20~24,F
383647,20~24,F
741053,20~24,F
101829,20~24,F
367609,20~24,F
558524,20~24,F
316546,20~24,F
652907,20~24,F
500347,20~24,F
339300,20~24,F
947289,20~24,F
833632,20~24,F
412985,20~24,F
267515,20~24,F
658033,20~24,F
714367,20~24,F
917306,20~24,F
340481,20~24,F
953686,20~24,F
623934,20~24,F
867590,20~24,F
897903,20~24,F
592941,20~24,F
407091,20~24,F
508830,20~24,F
132691,20~24,F
821812,20~24,F
570238,20~24,F
980115,20~24,F
547252,20~24,F
922295,20~24,F
975316,20~24,F
953019,20~24,F
240899,20~24,F
618598,20~24,F
375598,20~24,F
629876,20~24,F
146387,20~24,F
904949,20~24,F
988223,20~24,F
995920,20~24,F
545228,20~24,F
101935,20~24,F
872366,20~24,F
298654,20~24,F
692544,20~24,F
849815,20~24,F
295042,20~24,F
540095,25~29,F
566908,25~29,F
488689,25~29,F
373608,25~29,F
454765,25~29,F
697623,25~29,F
596778,25~29,F
526245,25~29,F
573467,25~29,F
636128,25~29,F
876147,25~29,F
518906,25~29,F
391757,25~29,F
319329,25~29,F
359596,25~29,F
727481,25~29,F
366633,25~29,F
106345,25~29,F
761158,25~29,F
424772,25~29,F
475604,25~29,F
715902,25~29,F
136386,25~29,F
899274,25~29,F
624728,25~29,F
672968,25~29,F
394131,25~29,F
591756,25~29,F
209162,25~29,F
414534,25~29,F
373470,25~29,F
343726,25~29,F
455892,25~29,F
405169,25~29,F
741284,25~29,F
221413,25~29,F
507888,30~34,F
851220,30~34,F
772736,30~34,F
713468,35~39,F
583347,35~39,F
332959,40~44,F
782750,25~29,F
475885,25~29,F
802659,25~29,F
826286,25~29,F
870812,25~29,F
699740,20~24,F
445844,20~24,F
998133,20~24,F
499022,20~24,F
431431,25~29,F
923593,25~29,F
657584,25~29,F
604809,25~29,F
717924,25~29,F
161679,25~29,F
671066,25~29,F
340191,25~29,F
910023,25~29,F
752310,25~29,F
588737,25~29,F
725525,25~29,F
201511,25~29,F
888804,25~29,F
326785,25~29,F
694094,25~29,F
704286,25~29,F
114608,25~29,F
769854,25~29,F
281210,25~29,F
198152,25~29,F
384830,25~29,F
222152,25~29,F
400134,25~29,F
827781,25~29,F
685303,25~29,F
896184,25~29,F
416807,25~29,F
313709,25~29,F
519218,25~29,F
142049,25~29,F
997654,25~29,F
723915,25~29,F
970802,25~29,F
648725,25~29,F
954460,25~29,F
360647,30~34,F
769416,30~34,F
332226,30~34,F
165307,35~39,F
990305,35~39,F
287175,40~44,F
929488,25~29,F
662427,25~29,F
683136,25~29,F
402146,25~29,F
424899,25~29,F
181653,30~34,F
536329,30~34,F
225708,30~34,F
751100,30~34,F
995705,30~34,F
753669,30~34,F
885498,30~34,F
106275,30~34,F
354141,30~34,F
424280,30~34,F
500370,25~29,F
387607,25~29,F
413582,25~29,F
832287,25~29,F
195051,25~29,F
604156,25~29,F
432577,25~29,F
943918,25~29,F
574974,20~24,F
635822,20~24,F
551531,20~24,F
392022,20~24,F
914416,20~24,F
169005,20~24,F
712453,20~24,F
345297,20~24,F
342196,20~24,F
293033,30~34,F
120418,30~34,F
401241,30~34,F
565564,30~34,F
587372,30~34,F
757566,30~34,F
750667,30~34,F
587995,25~29,F
338963,25~29,F
994341,25~29,F
360259,25~29,F
534841,25~29,F
441628,25~29,F
163938,25~29,F
775676,25~29,F
109559,20~24,F
488035,20~24,F
175414,20~24,F
348730,20~24,F
323461,20~24,F
260239,20~24,F
384504,20~24,F
774987,20~24,F
669498,20~24,F
357008,30~34,F
140598,30~34,F
202435,30~34,F
966889,30~34,F
955700,30~34,F
887510,30~34,F
334283,30~34,F
362250,25~29,F
999706,25~29,F
419507,25~29,F
451912,25~29,F
992561,25~29,F
255909,25~29,F
337294,25~29,F
179284,25~29,F
223119,20~24,F
395501,20~24,F
263204,20~24,F
371046,20~24,F
324547,20~24,F
506386,20~24,F
431994,20~24,F
513151,20~24,F
141852,20~24,F
402031,30~34,F
575938,30~34,F
974072,30~34,F
415473,30~34,F
281188,30~34,F
252856,30~34,F
276433,30~34,F
754968,25~29,F
292693,25~29,F
740345,25~29,F
344855,25~29,F
961053,25~29,F
841178,25~29,F
522318,25~29,F
969112,25~29,F
233395,20~24,F
476796,20~24,F
492511,20~24,F
435098,20~24,F
862060,20~24,F
969525,20~24,F
593876,20~24,F
561922,20~24,F
105654,20~24,F
619834,30~34,F
740140,30~34,F
774151,30~34,F
590401,30~34,F
142127,30~34,F
821696,30~34,F
831634,30~34,F
285634,25~29,F
997012,25~29,F
633982,25~29,F
434171,25~29,F
532318,25~29,F
281118,25~29,F
661041,25~29,F
585115,25~29,F
775536,20~24,F
841839,20~24,F
667447,20~24,F
693631,20~24,F
431580,20~24,F
433746,20~24,F
358203,20~24,F
914028,20~24,F
236069,20~24,F
298937,30~34,F
334384,30~34,F
775539,30~34,F
189403,30~34,F
592567,30~34,F
283082,30~34,F
899060,30~34,F
656261,25~29,F
673150,25~29,F
214976,25~29,F
636043,25~29,F
335061,25~29,F
908268,25~29,F
963892,25~29,F
299272,25~29,F
764684,20~24,F
870410,20~24,F
297422,20~24,F
672717,20~24,F
991101,20~24,F
480368,20~24,F
249536,20~24,F
761028,20~24,F
115307,20~24,F
904741,30~34,F
543895,30~34,F
372298,30~34,F
866548,30~34,F
934098,30~34,F
226619,30~34,F
432296,30~34,F
439648,25~29,F
791177,25~29,F
607313,25~29,F
713998,25~29,F
831469,25~29,F
889155,25~29,F
877151,25~29,F
488795,25~29,F
501662,20~24,F
353630,20~24,M
900683,20~24,F
397249,20~24,F
189115,20~24,F
966564,20~24,F
413358,20~24,F
192565,20~24,F
499844,20~24,F
274044,30~34,F
227363,30~34,F
224607,30~34,F
946346,30~34,F
618039,30~34,F
991161,30~34,F
981335,30~34,F
358282,25~29,F
610473,25~29,F
470824,25~29,F
136783,25~29,F
783515,25~29,F
487349,25~29,F
728180,25~29,F
905161,25~29,F
884996,20~24,F
677732,20~24,F
419268,20~24,F
383313,20~24,F
378032,20~24,F
260022,20~24,F
836866,20~24,F
793633,20~24,F
390950,20~24,F
604295,30~34,F
415798,30~34,F
532666,30~34,F
298267,30~34,F
104449,30~34,F
383316,30~34,F
399967,30~34,F
635129,30~34,F
541393,30~34,F
968729,30~34,F
741773,30~34,F
799389,25~29,F
986146,25~29,F
186620,25~29,F
942678,25~29,F
751705,25~29,F
423465,25~29,F
489546,25~29,F
548481,25~29,F
130355,20~24,F
130176,20~24,F
193101,20~24,F
380674,20~24,F
587454,20~24,F
901317,20~24,F
358354,20~24,F
286255,20~24,F
315288,20~24,F
639054,30~34,F
534922,30~34,F
435713,30~34,F
962329,30~34,F
347852,30~34,F
919035,30~34,F
187388,30~34,F
502447,25~29,F
661217,25~29,F
506344,25~29,F
830518,25~29,F
819308,25~29,F
526074,25~29,F
814358,25~29,F
543878,25~29,F
379035,20~24,F
859668,20~24,F
726581,20~24,F
208470,20~24,F
672074,20~24,F
528538,20~24,F
593772,20~24,F
922375,20~24,F
502375,20~24,F
851500,30~34,F
773306,30~34,F
750721,30~34,F
223725,30~34,F
130850,30~34,F
990039,30~34,M
295917,30~34,M
133823,25~29,M
859578,25~29,F
280454,25~29,F
980069,25~29,F
644861,25~29,F
562895,25~29,F
291490,25~29,F
798105,25~29,F
318607,20~24,F
811176,20~24,F
355012,20~24,F
487222,20~24,F